IIT-BBSR,20000,5
IIIT-BBSR,123,6.66667
KIIT,30000,0
CET,61000,9.52381
AIIMS,100000,6.66667
ITER,55000,2.5
VSSUT ,33000,10
PMEC,1230,7
BIMTECH,5500,10
NID,4000,0
